{
    "model": "gama_ASH_60s",
    "max_total_time": 60,
    "test": {
        "mae": 0.45957219092795354,
        "mse": 0.6775018081570159,
        "r2": 0.7230665664524552,
        "mape_value": 19.50416181188926,
        "percentage_diff": 67.8082191780822
    }
}