{
    "model": "TPOT_100gen_100populaton",
    "test": {
        "mae": 0.37412990196078433,
        "mse": 0.6966832235498366,
        "r2": 0.7745494278329872,
        "mape_value": 12.964950980392157,
        "percentage_diff": 75.29411764705883
    }
}